,Date,Prices
0,2017-04-15,1182.939941
1,2017-04-16,1193.910034
2,2017-04-17,1211.670044
3,2017-04-18,1210.290039
4,2017-04-19,1229.079956
5,2017-04-20,1222.050049
6,2017-04-21,1231.709961
7,2017-04-22,1207.209961
8,2017-04-23,1250.150024
9,2017-04-24,1265.48999
10,2017-04-25,1281.079956
11,2017-04-26,1317.72998
12,2017-04-27,1316.47998
13,2017-04-28,1321.790039
14,2017-04-29,1347.890015
15,2017-04-30,1421.599976
16,2017-05-01,1452.819946
17,2017-05-02,1490.089966
18,2017-05-03,1537.670044
19,2017-05-04,1555.449951
20,2017-05-05,1578.800049
21,2017-05-06,1596.709961
22,2017-05-07,1723.349976
23,2017-05-08,1755.359985
24,2017-05-09,1787.130005
25,2017-05-10,1848.569946
26,2017-05-11,1724.23999
27,2017-05-12,1804.910034
28,2017-05-13,1808.910034
29,2017-05-14,1738.430054
30,2017-05-15,1734.449951
31,2017-05-16,1839.089966
32,2017-05-17,1888.650024
33,2017-05-18,1987.709961
34,2017-05-19,2084.72998
35,2017-05-20,2041.199951
36,2017-05-21,2173.399902
37,2017-05-22,2320.419922
38,2017-05-23,2443.639893
39,2017-05-24,2304.97998
40,2017-05-25,2202.419922
41,2017-05-26,2038.869995
42,2017-05-27,2155.800049
43,2017-05-28,2255.610107
44,2017-05-29,2175.469971
45,2017-05-30,2286.409912
46,2017-05-31,2407.879883
47,2017-06-01,2488.550049
48,2017-06-02,2515.350098
49,2017-06-03,2511.810059
50,2017-06-04,2686.810059
51,2017-06-05,2863.199951
52,2017-06-06,2732.159912
53,2017-06-07,2805.620117
54,2017-06-08,2823.810059
55,2017-06-09,2947.709961
56,2017-06-10,2958.110107
57,2017-06-11,2659.629883
58,2017-06-12,2717.02002
59,2017-06-13,2506.370117
60,2017-06-14,2464.580078
61,2017-06-15,2518.560059
62,2017-06-16,2655.879883
63,2017-06-17,2548.290039
64,2017-06-18,2589.600098
65,2017-06-19,2721.790039
66,2017-06-20,2689.100098
67,2017-06-21,2705.409912
68,2017-06-22,2744.909912
69,2017-06-23,2608.719971
70,2017-06-24,2589.409912
71,2017-06-25,2478.449951
72,2017-06-26,2552.449951
73,2017-06-27,2574.7900389999995
74,2017-06-28,2539.320068
75,2017-06-29,2480.840088
76,2017-06-30,2434.550049
77,2017-07-01,2506.469971
78,2017-07-02,2564.060059
79,2017-07-03,2601.639893
80,2017-07-04,2601.98999
81,2017-07-05,2608.560059
82,2017-07-06,2518.659912
83,2017-07-07,2571.340088
84,2017-07-08,2518.439941
85,2017-07-09,2372.560059
86,2017-07-10,2337.790039
87,2017-07-11,2398.840088
88,2017-07-12,2357.899902
89,2017-07-13,2233.340088
90,2017-07-14,1998.859985
91,2017-07-15,1929.819946
92,2017-07-16,2228.409912
93,2017-07-17,2318.879883
94,2017-07-18,2273.429932
95,2017-07-19,2817.600098
96,2017-07-20,2667.76001
97,2017-07-21,2810.120117
98,2017-07-22,2730.399902
99,2017-07-23,2754.860107
100,2017-07-24,2576.47998
101,2017-07-25,2529.449951
102,2017-07-26,2671.780029
103,2017-07-27,2809.01001
104,2017-07-28,2726.449951
105,2017-07-29,2757.179932
106,2017-07-30,2875.340088
107,2017-07-31,2718.26001
108,2017-08-01,2710.669922
109,2017-08-02,2804.72998
110,2017-08-03,2895.889893
111,2017-08-04,3252.909912
112,2017-08-05,3213.939941
113,2017-08-06,3378.939941
114,2017-08-07,3419.939941
115,2017-08-08,3342.469971
116,2017-08-09,3381.280029
117,2017-08-10,3650.620117
118,2017-08-11,3884.709961
119,2017-08-12,4073.26001
120,2017-08-13,4325.129883
121,2017-08-14,4181.930176
122,2017-08-15,4376.629883
123,2017-08-16,4331.689941
124,2017-08-17,4160.620117
125,2017-08-18,4193.700195
126,2017-08-19,4087.659912
127,2017-08-20,4001.73999
128,2017-08-21,4100.52002
129,2017-08-22,4151.52002
130,2017-08-23,4334.680176
131,2017-08-24,4371.600098
132,2017-08-25,4352.399902
133,2017-08-26,4382.879883
134,2017-08-27,4382.660156
135,2017-08-28,4579.02002
136,2017-08-29,4565.299805
137,2017-08-30,4703.390137
138,2017-08-31,4892.009766
139,2017-09-01,4578.77002
140,2017-09-02,4582.959961
141,2017-09-03,4236.310059
142,2017-09-04,4376.529785
143,2017-09-05,4597.120117
144,2017-09-06,4599.879883
145,2017-09-07,4228.75
146,2017-09-08,4226.060059
147,2017-09-09,4122.939941
148,2017-09-10,4161.27002
149,2017-09-11,4130.810059
150,2017-09-12,3882.590088
151,2017-09-13,3154.949951
152,2017-09-14,3637.52002
153,2017-09-15,3625.040039
154,2017-09-16,3582.879883
155,2017-09-17,4065.199951
156,2017-09-18,3924.969971
157,2017-09-19,3905.949951
158,2017-09-20,3631.040039
159,2017-09-21,3630.699951
160,2017-09-22,3792.399902
161,2017-09-23,3682.840088
162,2017-09-24,3926.070068
163,2017-09-25,3892.350098
164,2017-09-26,4200.669922
165,2017-09-27,4174.72998
166,2017-09-28,4163.069824
167,2017-09-29,4338.709961
168,2017-09-30,4403.740234
169,2017-10-01,4409.319824
170,2017-10-02,4317.47998
171,2017-10-03,4229.359863
172,2017-10-04,4328.410156
173,2017-10-05,4370.810059
174,2017-10-06,4426.890137
175,2017-10-07,4610.47998
176,2017-10-08,4772.02002
177,2017-10-09,4781.990234
178,2017-10-10,4826.47998
179,2017-10-11,5446.910156
180,2017-10-12,5647.209960999999
181,2017-10-13,5831.7900389999995
182,2017-10-14,5678.189941
183,2017-10-15,5725.589843999999
184,2017-10-16,5605.509766
185,2017-10-17,5590.689940999999
186,2017-10-18,5708.520019999999
187,2017-10-19,6011.450194999999
188,2017-10-20,6031.600097999999
189,2017-10-21,6008.419922
190,2017-10-22,5930.319824
191,2017-10-23,5526.640136999999
192,2017-10-24,5750.799804999999
193,2017-10-25,5904.830078
194,2017-10-26,5780.899901999999
195,2017-10-27,5753.089844
196,2017-10-28,6153.850097999999
197,2017-10-29,6130.529784999999
198,2017-10-30,6468.399901999999
199,2017-10-31,6767.3100589999995
200,2017-11-01,7078.499999999999
201,2017-11-02,7207.759765999999
202,2017-11-03,7379.950194999999
203,2017-11-04,7407.410156
204,2017-11-05,7022.759765999999
205,2017-11-06,7144.379882999999
206,2017-11-07,7459.689941
207,2017-11-08,7143.580077999999
208,2017-11-09,6618.140136999999
209,2017-11-10,6357.600097999999
210,2017-11-11,5950.069823999999
211,2017-11-12,6559.490234
212,2017-11-13,6635.75
213,2017-11-14,7315.5400389999995
214,2017-11-15,7871.689941
215,2017-11-16,7708.990233999998
216,2017-11-17,7790.149902
217,2017-11-18,8036.490233999999
218,2017-11-19,8200.639648
219,2017-11-20,8071.259765999999
220,2017-11-21,8253.549805
221,2017-11-22,8038.77002
222,2017-11-23,8253.69043
223,2017-11-24,8790.919922
224,2017-11-25,9330.549805
225,2017-11-26,9818.349609
226,2017-11-27,10058.799805
227,2017-11-28,9888.610352
228,2017-11-29,10233.599609
229,2017-11-30,10975.599609
230,2017-12-01,11074.599609
231,2017-12-02,11323.200195
232,2017-12-03,11657.200195
233,2017-12-04,11916.700194999998
234,2017-12-05,14291.5
235,2017-12-06,17899.699219
236,2017-12-07,16569.400391
237,2017-12-08,15178.200195
238,2017-12-09,15455.400391
239,2017-12-10,16936.800781
240,2017-12-11,17415.400391
241,2017-12-12,16408.199219
242,2017-12-13,16564.0
243,2017-12-14,17706.900391
244,2017-12-15,19497.400391
245,2017-12-16,19140.800781
246,2017-12-17,19114.199219
247,2017-12-18,17776.699219
248,2017-12-19,16624.599609
249,2017-12-20,15802.900391
250,2017-12-21,13831.799805
251,2017-12-22,14699.200195
252,2017-12-23,13925.799805
253,2017-12-24,14026.599609
254,2017-12-25,16099.799805
255,2017-12-26,15838.5
256,2017-12-27,14606.5
257,2017-12-28,14656.200195
258,2017-12-29,12952.200195
259,2017-12-30,14156.400391
260,2017-12-31,13657.200195
261,2018-01-01,14982.099609
262,2018-01-02,15201.0
263,2018-01-03,15599.200195
264,2018-01-04,17429.5
265,2018-01-05,17527.0
266,2018-01-06,16477.599609
267,2018-01-07,15170.099609
268,2018-01-08,14595.400391
269,2018-01-09,14973.299805
270,2018-01-10,13405.799805
271,2018-01-11,13980.599609
272,2018-01-12,14360.200195
273,2018-01-13,13772.0
274,2018-01-14,13819.799805
275,2018-01-15,11490.5
276,2018-01-16,11188.599609
277,2018-01-17,11474.900391
278,2018-01-18,11607.400391
279,2018-01-19,12899.200195
280,2018-01-20,11600.099608999999
281,2018-01-21,10931.400391
282,2018-01-22,10868.400391
283,2018-01-23,11359.400391
284,2018-01-24,11259.400391
285,2018-01-25,11171.400391
286,2018-01-26,11440.700195
287,2018-01-27,11786.299805
288,2018-01-28,11296.400391
289,2018-01-29,10106.299805
290,2018-01-30,10221.099609
291,2018-01-31,9170.540039
292,2018-02-01,8830.75
293,2018-02-02,9174.910156
294,2018-02-03,8277.009766
295,2018-02-04,6955.270019999999
296,2018-02-05,7753.999999999999
297,2018-02-06,7621.299804999999
298,2018-02-07,8265.589843999998
299,2018-02-08,8736.980469
300,2018-02-09,8621.900391
301,2018-02-10,8129.970214999999
302,2018-02-11,8926.570313
303,2018-02-12,8598.30957
304,2018-02-13,9494.629883
305,2018-02-14,10166.400391
306,2018-02-15,10233.900391
307,2018-02-16,11112.700195
308,2018-02-17,10551.799805
309,2018-02-18,11225.299805
310,2018-02-19,11403.700195
311,2018-02-20,10690.400391
312,2018-02-21,10005.0
313,2018-02-22,10301.099609
314,2018-02-23,9813.070313
315,2018-02-24,9664.730469
316,2018-02-25,10366.700195
317,2018-02-26,10725.599609
318,2018-02-27,10397.900391
319,2018-02-28,10951.0
320,2018-03-01,11086.400391
321,2018-03-02,11489.700195
322,2018-03-03,11512.599609
323,2018-03-04,11573.299805
324,2018-03-05,10779.900391
325,2018-03-06,9965.570313
326,2018-03-07,9395.009766
327,2018-03-08,9337.549805
328,2018-03-09,8866.0
329,2018-03-10,9578.629883
330,2018-03-11,9205.120117
331,2018-03-12,9194.849609
332,2018-03-13,8269.809569999998
333,2018-03-14,8300.860352
334,2018-03-15,8338.349609
335,2018-03-16,7916.879882999999
336,2018-03-17,8223.679688
337,2018-03-18,8630.650391
338,2018-03-19,8913.469727
339,2018-03-20,8929.280273
340,2018-03-21,8728.469727
341,2018-03-22,8879.620117
342,2018-03-23,8668.120117
343,2018-03-24,8495.780273
344,2018-03-25,8209.400390999997
345,2018-03-26,7833.040039
346,2018-03-27,7954.479979999999
347,2018-03-28,7165.700194999999
348,2018-03-29,6890.520019999999
349,2018-03-30,6973.529784999999
350,2018-03-31,6844.229979999999
351,2018-04-01,7083.799805
352,2018-04-02,7456.109863
353,2018-04-03,6853.839844
354,2018-04-04,6811.470214999999
355,2018-04-05,6636.319823999999
356,2018-04-06,6911.089844
357,2018-04-07,7023.52002
358,2018-04-08,6770.729979999999
359,2018-04-09,6834.759765999999
360,2018-04-10,6968.319823999999
361,2018-04-11,7889.249999999999
362,2018-04-12,7895.959960999999
363,2018-04-13,7986.240233999999
364,2018-04-14,8329.110352
365,2018-04-15,8058.669922
366,2018-04-16,7902.089843999999
367,2018-04-17,8163.419921999999
368,2018-04-18,8294.30957
369,2018-04-19,8845.830078
370,2018-04-20,8895.580078
371,2018-04-21,8802.459961
372,2018-04-22,8930.879883
373,2018-04-23,9697.5
374,2018-04-24,8845.740233999999
375,2018-04-25,9281.509766
376,2018-04-26,8987.049805
377,2018-04-27,9348.480469
378,2018-04-28,9419.080078
379,2018-04-29,9240.549805
380,2018-04-30,9119.009766
381,2018-05-01,9235.919922
382,2018-05-02,9743.860352
383,2018-05-03,9700.759766
384,2018-05-04,9858.150391
385,2018-05-05,9654.799805
386,2018-05-06,9373.009766
387,2018-05-07,9234.820313
388,2018-05-08,9325.179688
389,2018-05-09,9043.94043
390,2018-05-10,8441.490234
391,2018-05-11,8504.889648
392,2018-05-12,8723.94043
393,2018-05-13,8716.790039
394,2018-05-14,8510.379883
395,2018-05-15,8368.830078
396,2018-05-16,8094.319823999999
397,2018-05-17,8250.969727
398,2018-05-18,8247.179688
399,2018-05-19,8513.25
400,2018-05-20,8418.990234
401,2018-05-21,8041.779785
402,2018-05-22,7557.819823999999
403,2018-05-23,7587.339844
404,2018-05-24,7480.140137
405,2018-05-25,7355.879882999999
406,2018-05-26,7368.220214999999
407,2018-05-27,7135.990234
408,2018-05-28,7472.589844
409,2018-05-29,7406.52002
410,2018-05-30,7494.169921999999
411,2018-05-31,7541.450195
412,2018-06-01,7643.450195
413,2018-06-02,7720.25
414,2018-06-03,7514.470215
415,2018-06-04,7633.759766
416,2018-06-05,7653.97998
417,2018-06-06,7678.240234
418,2018-06-07,7624.919922
419,2018-06-08,7531.97998
420,2018-06-09,6786.020019999999
421,2018-06-10,6906.919921999999
422,2018-06-11,6582.359863
423,2018-06-12,6349.899901999999
424,2018-06-13,6675.350098
425,2018-06-14,6456.580078
426,2018-06-15,6550.160156
427,2018-06-16,6499.270019999999
428,2018-06-17,6734.819824
429,2018-06-18,6769.939940999999
430,2018-06-19,6776.549804999999
431,2018-06-20,6729.740234
432,2018-06-21,6083.689940999999
433,2018-06-22,6162.479979999999
434,2018-06-23,6173.229979999999
435,2018-06-24,6249.180175999999
436,2018-06-25,6093.669922
437,2018-06-26,6157.129883
438,2018-06-27,5903.439941
439,2018-06-28,6218.299805
440,2018-06-29,6403.999999999999
441,2018-06-30,6385.819824
442,2018-07-01,6614.180176
443,2018-07-02,6529.589843999999
444,2018-07-03,6597.549805
445,2018-07-04,6639.140137
446,2018-07-05,6673.5
447,2018-07-06,6856.930175999999
448,2018-07-07,6773.879882999999
449,2018-07-08,6741.749999999999
450,2018-07-09,6329.950195
451,2018-07-10,6394.709960999999
452,2018-07-11,6228.8100589999995
453,2018-07-12,6238.049805
454,2018-07-13,6276.120117
455,2018-07-14,6359.640136999999
456,2018-07-15,6741.749999999999
457,2018-07-16,7321.040039
458,2018-07-17,7370.779784999999
459,2018-07-18,7466.859862999999
460,2018-07-19,7354.129883
461,2018-07-20,7419.2900389999995
462,2018-07-21,7418.490234
463,2018-07-22,7711.109862999999
464,2018-07-23,8424.269531
465,2018-07-24,8181.390137
466,2018-07-25,7951.580078
467,2018-07-26,8165.009765999999
468,2018-07-27,8192.150391
469,2018-07-28,8218.459960999999
470,2018-07-29,8180.47998
471,2018-07-30,7780.439941
472,2018-07-31,7624.910156
473,2018-08-01,7567.149901999999
474,2018-08-02,7434.390136999999
475,2018-08-03,7032.850098
476,2018-08-04,7068.47998
477,2018-08-05,6951.799805
478,2018-08-06,6753.1201169999995
479,2018-08-07,6305.799805
480,2018-08-08,6568.229979999999
481,2018-08-09,6184.709961
482,2018-08-10,6295.729979999999
483,2018-08-11,6322.689940999999
484,2018-08-12,6297.569824
485,2018-08-13,6199.709960999999
486,2018-08-14,6308.520019999999
487,2018-08-15,6334.729979999999
488,2018-08-16,6580.629883
489,2018-08-17,6423.759766
490,2018-08-18,6506.069823999999
491,2018-08-19,6308.529784999999
492,2018-08-20,6488.759765999999
493,2018-08-21,6376.709961
494,2018-08-22,6534.879882999999
495,2018-08-23,6719.959961
496,2018-08-24,6763.189941
497,2018-08-25,6707.259766
498,2018-08-26,6884.640136999999
499,2018-08-27,7096.279785
500,2018-08-28,7047.160155999999
501,2018-08-29,6978.229979999999
502,2018-08-30,7037.580078
503,2018-08-31,7193.25
504,2018-09-01,7272.720214999999
505,2018-09-02,7260.060059
506,2018-09-03,7361.660155999999
507,2018-09-04,6792.830078
508,2018-09-05,6529.169922
509,2018-09-06,6467.069823999999
510,2018-09-07,6225.979979999999
511,2018-09-08,6300.859862999999
512,2018-09-09,6329.700194999999
513,2018-09-10,6321.200195
514,2018-09-11,6351.799805
515,2018-09-12,6517.310059
516,2018-09-13,6512.709960999999
517,2018-09-14,6543.200195
518,2018-09-15,6517.180175999999
519,2018-09-16,6281.200194999999
520,2018-09-17,6371.299805
521,2018-09-18,6398.5400389999995
522,2018-09-19,6519.669922
523,2018-09-20,6734.950195
524,2018-09-21,6721.97998
525,2018-09-22,6710.629883
526,2018-09-23,6595.410156
527,2018-09-24,6446.470215
528,2018-09-25,6495.0
529,2018-09-26,6676.75
530,2018-09-27,6644.129883
531,2018-09-28,6601.959961
532,2018-09-29,6625.5600589999995
533,2018-09-30,6589.6201169999995
534,2018-10-01,6556.100098
535,2018-10-02,6502.589843999999
536,2018-10-03,6576.689940999999
537,2018-10-04,6622.47998
538,2018-10-05,6588.310059
539,2018-10-06,6602.950195
540,2018-10-07,6652.22998
541,2018-10-08,6642.640136999999
542,2018-10-09,6585.529785
543,2018-10-10,6256.240234
544,2018-10-11,6274.580078
545,2018-10-12,6285.990233999999
546,2018-10-13,6290.930176
547,2018-10-14,6596.5400389999995
548,2018-10-15,6596.109863
549,2018-10-16,6544.430176
550,2018-10-17,6476.709961
551,2018-10-18,6465.410155999999
552,2018-10-19,6489.189941
553,2018-10-20,6482.350098
554,2018-10-21,6487.160156
555,2018-10-22,6475.740234
556,2018-10-23,6495.839844
557,2018-10-24,6476.290039
558,2018-10-25,6474.75
559,2018-10-26,6480.379882999999
560,2018-10-27,6486.390137
561,2018-10-28,6332.629883
562,2018-10-29,6334.270019999999
563,2018-10-30,6317.609863
564,2018-10-31,6377.779784999999
565,2018-11-01,6388.439941
566,2018-11-02,6361.259765999998
567,2018-11-03,6376.129883
568,2018-11-04,6419.660155999999
569,2018-11-05,6461.009765999999
570,2018-11-06,6530.140137
571,2018-11-07,6453.720214999999
572,2018-11-08,6385.620117
573,2018-11-09,6409.220215
574,2018-11-10,6411.270019999999
575,2018-11-11,6371.27002
576,2018-11-12,6359.490233999999
577,2018-11-13,5738.350098
578,2018-11-14,5648.029784999999
579,2018-11-15,5575.549805
580,2018-11-16,5554.330077999999
581,2018-11-17,5623.5400389999995
582,2018-11-18,4871.490234
583,2018-11-19,4451.870117
584,2018-11-20,4602.169922
585,2018-11-21,4365.939941
586,2018-11-22,4347.109863
587,2018-11-23,3880.76001
588,2018-11-24,4009.969971
589,2018-11-25,3779.129883
590,2018-11-26,3820.719971
591,2018-11-27,4257.419922
592,2018-11-28,4278.84668
593,2018-11-29,4017.268555
594,2018-11-30,4214.671875
595,2018-12-01,4139.87793
596,2018-12-02,3894.130859
597,2018-12-03,3956.893799
598,2018-12-04,3753.994873
599,2018-12-05,3521.101807
600,2018-12-06,3419.937256
601,2018-12-07,3476.114746
602,2018-12-08,3614.234375
603,2018-12-09,3502.656006
604,2018-12-10,3424.588135
605,2018-12-11,3486.950195
606,2018-12-12,3313.677246
607,2018-12-13,3242.484863
608,2018-12-14,3236.761719
609,2018-12-15,3252.839111
610,2018-12-16,3545.864746
611,2018-12-17,3696.059082
612,2018-12-18,3745.950684
613,2018-12-19,4134.441406
614,2018-12-20,3896.543701
615,2018-12-21,4014.182617
616,2018-12-22,3998.980225
617,2018-12-23,4078.5991209999997
618,2018-12-24,3815.490723
619,2018-12-25,3857.297607
620,2018-12-26,3654.833496
621,2018-12-27,3923.918701
622,2018-12-28,3820.408691
623,2018-12-29,3865.952637
624,2018-12-30,3742.700439
625,2018-12-31,3843.52002
626,2019-01-01,3943.409424
627,2019-01-02,3836.741211
628,2019-01-03,3857.717529
629,2019-01-04,3845.19458
630,2019-01-05,4076.632568
631,2019-01-06,4025.248291
632,2019-01-07,4030.8479
633,2019-01-08,4035.296387
634,2019-01-09,3678.924561
635,2019-01-10,3687.365479
636,2019-01-11,3661.301025
637,2019-01-12,3552.953125
638,2019-01-13,3706.052246
639,2019-01-14,3630.675293
640,2019-01-15,3655.006836
641,2019-01-16,3678.563965
642,2019-01-17,3657.839355
643,2019-01-18,3728.568359
644,2019-01-19,3601.013672
645,2019-01-20,3576.0324709999995
646,2019-01-21,3604.577148
647,2019-01-22,3585.123047
648,2019-01-23,3600.865479
649,2019-01-24,3599.7658690000003
650,2019-01-25,3602.460449
651,2019-01-26,3583.96582
652,2019-01-27,3470.450439
653,2019-01-28,3448.116943
654,2019-01-29,3486.181641
655,2019-01-30,3457.792725
656,2019-01-31,3487.945313
657,2019-02-01,3521.060791
658,2019-02-02,3464.013428
659,2019-02-03,3459.154053
660,2019-02-04,3466.357422
661,2019-02-05,3413.767822
662,2019-02-06,3399.47168
663,2019-02-07,3666.780273
664,2019-02-08,3671.203613
665,2019-02-09,3690.188232
666,2019-02-10,3648.430664
667,2019-02-11,3653.528564
668,2019-02-12,3632.070557
669,2019-02-13,3616.880859
670,2019-02-14,3620.810791
671,2019-02-15,3629.787598
672,2019-02-16,3673.836182
673,2019-02-17,3915.714355
674,2019-02-18,3947.094482
675,2019-02-19,3999.820557
676,2019-02-20,3954.118164
677,2019-02-21,4005.526611
678,2019-02-22,4142.526855
679,2019-02-23,3810.42749
680,2019-02-24,3882.696289
681,2019-02-25,3854.35791
682,2019-02-26,3851.047363
683,2019-02-27,3854.7854
684,2019-02-28,3859.58374
685,2019-03-01,3864.415039
686,2019-03-02,3847.175781
687,2019-03-03,3761.557129
688,2019-03-04,3896.375
689,2019-03-05,3903.942627
690,2019-03-06,3911.484375
691,2019-03-07,3901.131592
692,2019-03-08,3963.313721
693,2019-03-09,3951.599854
694,2019-03-10,3905.227295
695,2019-03-11,3909.15625
696,2019-03-12,3906.717285
697,2019-03-13,3924.369141
698,2019-03-14,3960.911133
699,2019-03-15,4048.72583
700,2019-03-16,4025.229004
701,2019-03-17,4032.507324
702,2019-03-18,4071.190186
703,2019-03-19,4087.476318
704,2019-03-20,4029.326904
705,2019-03-21,4023.968262
706,2019-03-22,4035.826416
707,2019-03-23,4022.168213
708,2019-03-24,3963.070557
709,2019-03-25,3985.080811
710,2019-03-26,4087.066162
711,2019-03-27,4069.107178
712,2019-03-28,4098.374512
713,2019-03-29,4106.660156
714,2019-03-30,4105.404297
715,2019-03-31,4158.183105
716,2019-04-01,4879.87793
717,2019-04-02,4973.021973
718,2019-04-03,4922.798828
719,2019-04-04,5036.681152
720,2019-04-05,5059.817383
721,2019-04-06,5198.896973
722,2019-04-07,5289.770996
723,2019-04-08,5204.958496
724,2019-04-09,5324.551758
725,2019-04-10,5064.487793
726,2019-04-11,5089.539063
727,2019-04-12,5096.586426
728,2019-04-13,5167.722168
729,2019-04-14,5067.108398
730,2019-04-15,5235.55957
731,2019-04-16,5251.937988
732,2019-04-17,5298.385742
733,2019-04-18,5303.8125
734,2019-04-19,5337.886229999999
735,2019-04-20,5314.53125
736,2019-04-21,5399.365234
737,2019-04-22,5572.362305
738,2019-04-23,5464.866699
739,2019-04-24,5210.515625
740,2019-04-25,5279.348145
741,2019-04-26,5268.291016
742,2019-04-27,5285.13916
743,2019-04-28,5247.352539
744,2019-04-29,5350.726563
745,2019-04-30,5402.697266
746,2019-05-01,5505.283691
747,2019-05-02,5768.289551
748,2019-05-03,5831.16748
749,2019-05-04,5795.708496
750,2019-05-05,5746.807129
751,2019-05-06,5829.501465
752,2019-05-07,5982.45752
753,2019-05-08,6174.528809
754,2019-05-09,6378.849121
755,2019-05-10,7204.771484
756,2019-05-11,6972.371581999999
757,2019-05-12,7814.9150389999995
758,2019-05-13,7994.416016
759,2019-05-14,8205.167968999998
760,2019-05-15,7884.909179999999
761,2019-05-16,7343.895507999999
762,2019-05-17,7271.208008
763,2019-05-18,8197.689453
764,2019-05-19,7978.309082
765,2019-05-20,7963.327636999999
766,2019-05-21,7680.066405999999
767,2019-05-22,7881.846679999999
768,2019-05-23,7987.371581999999
769,2019-05-24,8052.543944999999
770,2019-05-25,8673.21582
771,2019-05-26,8805.77832
772,2019-05-27,8719.961914
773,2019-05-28,8659.487305
774,2019-05-29,8319.472656
775,2019-05-30,8574.501953
776,2019-05-31,8564.016602
777,2019-06-01,8742.958008
778,2019-06-02,8208.995117
779,2019-06-03,7707.770995999999
780,2019-06-04,7824.231444999999
781,2019-06-05,7822.023438
782,2019-06-06,8043.951171999999
783,2019-06-07,7954.127929999999
784,2019-06-08,7688.077147999999
785,2019-06-09,8000.329589999999
786,2019-06-10,7927.714355
787,2019-06-11,8145.857421999999
788,2019-06-12,8230.923827999999
789,2019-06-13,8693.833008
790,2019-06-14,8838.375
791,2019-06-15,8994.488281
792,2019-06-16,9320.352539
793,2019-06-17,9081.762695
794,2019-06-18,9273.521484
795,2019-06-19,9527.160156
796,2019-06-20,10144.556641
797,2019-06-21,10701.691406
798,2019-06-22,10855.371094
799,2019-06-23,11011.102539
800,2019-06-24,11790.916992
801,2019-06-25,13016.231445
802,2019-06-26,11182.806641
803,2019-06-27,12407.332031
804,2019-06-28,11959.371094
805,2019-06-29,10817.155273
806,2019-06-30,10583.134766
807,2019-07-01,10801.677734
808,2019-07-02,11961.269531
809,2019-07-03,11215.4375
810,2019-07-04,10978.459961
811,2019-07-05,11208.550781
812,2019-07-06,11450.84668
813,2019-07-07,12285.958008
814,2019-07-08,12573.8125
815,2019-07-09,12156.512695
816,2019-07-10,11358.662109
817,2019-07-11,11815.986328
818,2019-07-12,11392.378906
819,2019-07-13,10256.058594
820,2019-07-14,10895.089844
821,2019-07-15,9477.641602
822,2019-07-16,9693.802734
823,2019-07-17,10666.482422
824,2019-07-18,10530.732422000001
825,2019-07-19,10767.139648
826,2019-07-20,10599.105469
827,2019-07-21,10343.106445
828,2019-07-22,9900.767578
829,2019-07-23,9811.925781
830,2019-07-24,9911.841797
831,2019-07-25,9870.303711
832,2019-07-26,9477.677734
833,2019-07-27,9552.860352
834,2019-07-28,9519.145508
835,2019-07-29,9607.423828
836,2019-07-30,10085.62793
837,2019-07-31,10399.668945
838,2019-08-01,10518.174805
839,2019-08-02,10821.726563
840,2019-08-03,10970.18457
841,2019-08-04,11805.65332
842,2019-08-05,11478.168945
843,2019-08-06,11941.96875
844,2019-08-07,11966.407227
845,2019-08-08,11862.936523
846,2019-08-09,11354.024414
847,2019-08-10,11523.579102
848,2019-08-11,11382.616211
849,2019-08-12,10895.830078
850,2019-08-13,10051.704102
851,2019-08-14,10311.545898
852,2019-08-15,10374.338867
853,2019-08-16,10231.744141
854,2019-08-17,10345.810547
855,2019-08-18,10916.053711
856,2019-08-19,10763.232422
857,2019-08-20,10138.049805
858,2019-08-21,10131.055664
859,2019-08-22,10407.964844
860,2019-08-23,10159.960938
861,2019-08-24,10138.517578
862,2019-08-25,10370.820313
863,2019-08-26,10185.5
864,2019-08-27,9754.422852
865,2019-08-28,9510.200195
866,2019-08-29,9598.173828
867,2019-08-30,9630.664063
868,2019-08-31,9757.970703
869,2019-09-01,10346.760742
870,2019-09-02,10623.540039
871,2019-09-03,10594.493164
872,2019-09-04,10575.533203
873,2019-09-05,10353.302734
874,2019-09-06,10517.254883
875,2019-09-07,10441.276367
876,2019-09-08,10334.974609
877,2019-09-09,10115.975586
878,2019-09-10,10178.37207
879,2019-09-11,10410.126953
880,2019-09-12,10360.546875
881,2019-09-13,10358.048828
882,2019-09-14,10347.712891
883,2019-09-15,10276.793945
884,2019-09-16,10241.272461
885,2019-09-17,10198.248047
886,2019-09-18,10266.415039
887,2019-09-19,10181.641602
888,2019-09-20,10019.716797
889,2019-09-21,10070.392578
890,2019-09-22,9729.324219
891,2019-09-23,8620.566406
892,2019-09-24,8486.993164
893,2019-09-25,8118.967772999999
894,2019-09-26,8251.845703
895,2019-09-27,8245.915039
896,2019-09-28,8104.185547
897,2019-09-29,8293.868164
898,2019-09-30,8343.276367
899,2019-10-01,8393.041992
900,2019-10-02,8259.992188
901,2019-10-03,8205.939453
902,2019-10-04,8151.500487999999
903,2019-10-05,7988.155762
904,2019-10-06,8245.623046999997
905,2019-10-07,8228.783203
906,2019-10-08,8595.740234
907,2019-10-09,8586.473633
908,2019-10-10,8321.756836
909,2019-10-11,8336.555664
910,2019-10-12,8321.005859
911,2019-10-13,8374.686523
912,2019-10-14,8205.369141
913,2019-10-15,8047.526854999999
914,2019-10-16,8103.911133
915,2019-10-17,7973.20752
916,2019-10-18,7988.560546999999
917,2019-10-19,8222.078125
918,2019-10-20,8243.720703
919,2019-10-21,8078.203125
920,2019-10-22,7514.671875
921,2019-10-23,7493.488769999999
922,2019-10-24,8660.700195
923,2019-10-25,9244.972656000002
924,2019-10-26,9551.714844
925,2019-10-27,9256.148438
926,2019-10-28,9427.6875
927,2019-10-29,9205.726563
928,2019-10-30,9199.584961
929,2019-10-31,9261.104492
930,2019-11-01,9324.717773
931,2019-11-02,9235.354492
932,2019-11-03,9412.612305
933,2019-11-04,9342.527344
934,2019-11-05,9360.879883
935,2019-11-06,9267.561523
936,2019-11-07,8804.880859
937,2019-11-08,8813.582031
938,2019-11-09,9055.526367
939,2019-11-10,8757.788086
940,2019-11-11,8815.662109
941,2019-11-12,8808.262695
942,2019-11-13,8708.094727
943,2019-11-14,8491.992188
944,2019-11-15,8550.760742
945,2019-11-16,8577.975586
946,2019-11-17,8309.286133
947,2019-11-18,8206.145508
948,2019-11-19,8027.268065999999
949,2019-11-20,7642.75
950,2019-11-21,7296.577636999999
951,2019-11-22,7397.796874999999
952,2019-11-23,7047.916992
953,2019-11-24,7146.133789
954,2019-11-25,7218.371093999999
955,2019-11-26,7531.663574
956,2019-11-27,7463.105957
957,2019-11-28,7761.243652
958,2019-11-29,7569.629882999999
959,2019-11-30,7424.292479999999
960,2019-12-01,7321.988280999999
961,2019-12-02,7320.145508
962,2019-12-03,7252.034668
963,2019-12-04,7448.3076169999995
964,2019-12-05,7546.996582
965,2019-12-06,7556.237792999999
966,2019-12-07,7564.345215
967,2019-12-08,7400.899414
968,2019-12-09,7278.119628999999
969,2019-12-10,7217.427246
970,2019-12-11,7243.134276999999
971,2019-12-12,7269.68457
972,2019-12-13,7124.673827999999
973,2019-12-14,7152.301758
974,2019-12-15,6932.480469
975,2019-12-16,6640.515136999999
976,2019-12-17,7276.802733999999
977,2019-12-18,7202.844237999999
978,2019-12-19,7218.816406
979,2019-12-20,7191.158691
980,2019-12-21,7511.5888669999995
981,2019-12-22,7355.628417999999
982,2019-12-23,7322.532227
983,2019-12-24,7275.155762
984,2019-12-25,7238.966796999999
985,2019-12-26,7290.088378999999
986,2019-12-27,7317.990234
987,2019-12-28,7422.652831999999
988,2019-12-29,7292.995117
989,2019-12-30,7193.599121
990,2019-12-31,7200.174315999999
991,2020-01-01,6985.470215
992,2020-01-02,7344.884277
993,2020-01-03,7410.656738
994,2020-01-04,7411.317383
995,2020-01-05,7769.219238
996,2020-01-06,8163.692383
997,2020-01-07,8079.862793
998,2020-01-08,7879.0712889999995
999,2020-01-09,8166.554198999999
1000,2020-01-10,8037.537597999999
1001,2020-01-11,8192.494140999997
1002,2020-01-12,8144.194336
1003,2020-01-13,8827.764648
1004,2020-01-14,8807.010742
1005,2020-01-15,8723.786133
1006,2020-01-16,8929.038086
1007,2020-01-17,8942.808594
1008,2020-01-18,8706.245117
1009,2020-01-19,8657.642578
1010,2020-01-20,8745.894531
1011,2020-01-21,8680.875977
1012,2020-01-22,8406.515625
1013,2020-01-23,8445.43457
1014,2020-01-24,8367.847656
1015,2020-01-25,8596.830078
1016,2020-01-26,8909.819336
1017,2020-01-27,9358.589844
1018,2020-01-28,9316.629883
1019,2020-01-29,9508.993164
1020,2020-01-30,9350.529297
1021,2020-01-31,9392.875
1022,2020-02-01,9344.365234
1023,2020-02-02,9293.521484
1024,2020-02-03,9180.962891
1025,2020-02-04,9613.423828
1026,2020-02-05,9729.801758
1027,2020-02-06,9795.943359
1028,2020-02-07,9865.119141
1029,2020-02-08,10116.673828
1030,2020-02-09,9856.611328
1031,2020-02-10,10208.236328
1032,2020-02-11,10326.054688
1033,2020-02-12,10214.379883
1034,2020-02-13,10312.116211
1035,2020-02-14,9889.424805
1036,2020-02-15,9934.433594
1037,2020-02-16,9690.142578
1038,2020-02-17,10141.996094
1039,2020-02-18,9633.386719
1040,2020-02-19,9608.475586
1041,2020-02-20,9686.441406
1042,2020-02-21,9663.181641
1043,2020-02-22,9924.515625
1044,2020-02-23,9650.174805
1045,2020-02-24,9341.705078
1046,2020-02-25,8820.522461
1047,2020-02-26,8784.494141
1048,2020-02-27,8672.455078
1049,2020-02-28,8599.508789
1050,2020-02-29,8562.454102
1051,2020-03-01,8869.669922
1052,2020-03-02,8787.786133
1053,2020-03-03,8755.246094
1054,2020-03-04,9078.762695
1055,2020-03-05,9122.545898
1056,2020-03-06,8909.954102
1057,2020-03-07,8108.116211
1058,2020-03-08,7923.644531
1059,2020-03-09,7909.7294919999995
1060,2020-03-10,7911.430176
1061,2020-03-11,4970.788086
1062,2020-03-12,5563.707031
1063,2020-03-13,5200.366211
1064,2020-03-14,5392.314940999999
1065,2020-03-15,5014.47998
1066,2020-03-16,5225.629395
1067,2020-03-17,5238.438477
1068,2020-03-18,6191.192870999999
1069,2020-03-19,6198.778319999999
1070,2020-03-20,6185.066405999999
1071,2020-03-21,5830.254883
1072,2020-03-22,6416.314940999999
1073,2020-03-23,6734.803710999999
1074,2020-03-24,6681.062988
1075,2020-03-25,6716.44043
1076,2020-03-26,6469.79834
1077,2020-03-27,6242.193848
1078,2020-03-28,5922.042968999999
1079,2020-03-29,6429.841797
1080,2020-03-30,6438.644531
1081,2020-03-31,6606.776367
1082,2020-04-01,6793.624511999999
1083,2020-04-02,6733.387206999999
1084,2020-04-03,6867.527344
1085,2020-04-04,6791.129394999999
1086,2020-04-05,7271.78125
1087,2020-04-06,7176.414550999999
1088,2020-04-07,7334.098633
1089,2020-04-08,7302.089354999999
1090,2020-04-09,6865.493164
1091,2020-04-10,6859.083008
1092,2020-04-11,6971.091796999999
1093,2020-04-12,6845.037597999999
1094,2020-04-13,6842.427734
1095,2020-04-14,6642.109863
1096,2020-04-15,7116.804198999999
1097,2020-04-16,7096.18457
1098,2020-04-17,7257.6650389999995
1099,2020-04-18,7189.424805
1100,2020-04-19,6881.958496
1101,2020-04-20,6880.3232419999995
1102,2020-04-21,7117.20752
1103,2020-04-22,7429.724609
1104,2020-04-23,7550.900879
1105,2020-04-24,7569.936035
1106,2020-04-25,7679.867188
1107,2020-04-26,7795.601073999999
1108,2020-04-27,7807.058593999999
1109,2020-04-28,8801.038086
1110,2020-04-29,8658.553711
1111,2020-04-30,8864.766602
1112,2020-05-01,8988.59668
1113,2020-05-02,8897.46875
1114,2020-05-03,8912.654297
1115,2020-05-04,9003.070313
1116,2020-05-05,9268.761719
1117,2020-05-06,9951.518555
1118,2020-05-07,9842.666016
1119,2020-05-08,9593.896484
1120,2020-05-09,8756.430664
1121,2020-05-10,8601.795898
1122,2020-05-11,8804.477539
1123,2020-05-12,9269.987305
1124,2020-05-13,9733.72168
1125,2020-05-14,9328.197266
1126,2020-05-15,9377.013672
1127,2020-05-16,9670.739258
1128,2020-05-17,9726.575195
1129,2020-05-18,9729.038086
1130,2020-05-19,9522.981445
1131,2020-05-20,9081.761719
1132,2020-05-21,9182.577148
1133,2020-05-22,9209.287109
1134,2020-05-23,8790.368164
1135,2020-05-24,8906.93457
1136,2020-05-25,8835.052734000003
1137,2020-05-26,9181.017578
1138,2020-05-27,9525.750977
1139,2020-05-28,9439.124023
1140,2020-05-29,9700.414063
1141,2020-05-30,9461.058594
1142,2020-05-31,10167.268555
1143,2020-06-01,9529.803711
1144,2020-06-02,9656.717773
1145,2020-06-03,9800.636719
1146,2020-06-04,9665.533203
1147,2020-06-05,9653.679688
1148,2020-06-06,9758.852539
1149,2020-06-07,9771.489258
1150,2020-06-08,9795.700195
1151,2020-06-09,9870.094727
1152,2020-06-10,9321.78125
1153,2020-06-11,9480.84375
1154,2020-06-12,9475.277344
1155,2020-06-13,9386.788086
1156,2020-06-14,9450.702148
1157,2020-06-15,9538.024414
1158,2020-06-16,9480.254883
1159,2020-06-17,9411.84082
1160,2020-06-18,9288.018555
1161,2020-06-19,9332.34082
1162,2020-06-20,9303.629883
1163,2020-06-21,9648.717773
1164,2020-06-22,9629.658203
1165,2020-06-23,9313.610352
1166,2020-06-24,9264.813477
1167,2020-06-25,9162.917969
1168,2020-06-26,9045.390625
1169,2020-06-27,9143.582031
1170,2020-06-28,9190.854492
1171,2020-06-29,9137.993164
1172,2020-06-30,9228.325195
1173,2020-07-01,9123.410156
1174,2020-07-02,9087.303711
1175,2020-07-03,9132.488281
1176,2020-07-04,9073.942383
1177,2020-07-05,9375.474609
1178,2020-07-06,9252.277344
1179,2020-07-07,9428.333007999998
1180,2020-07-08,9277.967773
1181,2020-07-09,9278.807617
1182,2020-07-10,9240.34668
1183,2020-07-11,9276.5
1184,2020-07-12,9243.614258
1185,2020-07-13,9243.213867
1186,2020-07-14,9192.836914
1187,2020-07-15,9132.227539
1188,2020-07-16,9151.392578
1189,2020-07-17,9159.040039
1190,2020-07-18,9185.817383
1191,2020-07-19,9164.231444999998
1192,2020-07-20,9374.887695
1193,2020-07-21,9525.363281
1194,2020-07-22,9581.072266
1195,2020-07-23,9536.892578
1196,2020-07-24,9677.113281
1197,2020-07-25,9905.166992
1198,2020-07-26,10990.873047
1199,2020-07-27,10912.823242
1200,2020-07-28,11100.467773
1201,2020-07-29,11111.213867
1202,2020-07-30,11323.466797
1203,2020-07-31,11759.592773
1204,2020-08-01,11053.614258
1205,2020-08-02,11246.348633
1206,2020-08-03,11205.892578
1207,2020-08-04,11747.022461
1208,2020-08-05,11779.773438
1209,2020-08-06,11601.472656
1210,2020-08-07,11754.045898
1211,2020-08-08,11675.739258
1212,2020-08-09,11878.111328
1213,2020-08-10,11410.525391
1214,2020-08-11,11584.93457
1215,2020-08-12,11784.137695
1216,2020-08-13,11768.871094
1217,2020-08-14,11865.698242
1218,2020-08-15,11892.803711
1219,2020-08-16,12254.402344
1220,2020-08-17,11991.233398
1221,2020-08-18,11758.283203
1222,2020-08-19,11878.37207
1223,2020-08-20,11592.489258
1224,2020-08-21,11681.825195
1225,2020-08-22,11664.847656
1226,2020-08-23,11774.595703
1227,2020-08-24,11366.134766
1228,2020-08-25,11488.363281
1229,2020-08-26,11323.397461
1230,2020-08-27,11542.5
1231,2020-08-28,11506.865234
1232,2020-08-29,11711.505859
1233,2020-08-30,11680.820313
1234,2020-08-31,11970.478516
1235,2020-09-01,11414.03418
1236,2020-09-02,10245.296875
1237,2020-09-03,10511.813477
1238,2020-09-04,10169.567383
1239,2020-09-05,10280.351563
1240,2020-09-06,10369.563477
1241,2020-09-07,10131.516602
1242,2020-09-08,10242.347656
1243,2020-09-09,10363.138672
1244,2020-09-10,10400.915039
1245,2020-09-11,10442.170898
1246,2020-09-12,10323.755859
1247,2020-09-13,10680.837891
1248,2020-09-14,10796.951172
1249,2020-09-15,10974.905273
1250,2020-09-16,10948.990234
1251,2020-09-17,10944.585938
1252,2020-09-18,11094.34668
1253,2020-09-19,10938.271484
1254,2020-09-20,10462.259766
1255,2020-09-21,10538.459961
1256,2020-09-22,10246.186523
1257,2020-09-23,10760.066406
1258,2020-09-24,10692.716797
1259,2020-09-25,10750.723633
1260,2020-09-26,10775.269531
1261,2020-09-27,10709.652344
1262,2020-09-28,10844.640625
1263,2020-09-29,10784.491211
1264,2020-09-30,10619.452148
1265,2020-10-01,10575.974609
1266,2020-10-02,10549.329102
1267,2020-10-03,10669.583008
1268,2020-10-04,10793.339844
1269,2020-10-05,10604.40625
1270,2020-10-06,10668.96875
1271,2020-10-07,10915.685547
1272,2020-10-08,11064.458008
1273,2020-10-09,11296.361328
1274,2020-10-10,11384.181641
1275,2020-10-11,11555.363281
1276,2020-10-12,11425.899414
1277,2020-10-13,11429.506836
1278,2020-10-14,11495.349609
1279,2020-10-15,11322.123047
1280,2020-10-16,11358.101563
1281,2020-10-17,11483.359375
1282,2020-10-18,11742.037109
1283,2020-10-19,11916.334961
1284,2020-10-20,12823.689453
1285,2020-10-21,12965.891602
1286,2020-10-22,12931.539063
1287,2020-10-23,13108.0625
1288,2020-10-24,13031.173828
1289,2020-10-25,13075.248047
1290,2020-10-26,13654.21875
1291,2020-10-27,13271.285156
1292,2020-10-28,13437.882813
1293,2020-10-29,13546.522461
1294,2020-10-30,13780.995117
1295,2020-10-31,13737.109375
1296,2020-11-01,13550.489258
1297,2020-11-02,13950.300781
1298,2020-11-03,14133.707031
1299,2020-11-04,15579.848633
1300,2020-11-05,15565.880859
1301,2020-11-06,14833.753906
1302,2020-11-07,15479.567383
1303,2020-11-08,15332.31543
1304,2020-11-09,15290.902344
1305,2020-11-10,15701.339844
1306,2020-11-11,16276.34375
1307,2020-11-12,16317.808594
1308,2020-11-13,16068.138672
1309,2020-11-14,15955.587891
1310,2020-11-15,16716.111328
1311,2020-11-16,17645.40625
1312,2020-11-17,17804.005859
1313,2020-11-18,17817.089844
1314,2020-11-19,18621.314453
1315,2020-11-20,18642.232422
1316,2020-11-21,18370.001953
1317,2020-11-22,18364.121094
1318,2020-11-23,19107.464844
1319,2020-11-24,18732.121094
1320,2020-11-25,17150.623047
1321,2020-11-26,17108.402344
1322,2020-11-27,17717.414063
1323,2020-11-28,18177.484375
1324,2020-11-29,19625.835938
1325,2020-11-30,18802.998047
1326,2020-12-01,19201.091797
1327,2020-12-02,19445.398438
1328,2020-12-03,18699.765625
1329,2020-12-04,19154.230469
1330,2020-12-05,19345.121094
1331,2020-12-06,19191.630859
1332,2020-12-07,18321.144531
1333,2020-12-08,18553.916016
1334,2020-12-09,18264.992188
1335,2020-12-10,18058.904297
1336,2020-12-11,18803.65625
1337,2020-12-12,19142.382813
1338,2020-12-13,19246.644531
1339,2020-12-14,19417.076172
1340,2020-12-15,21310.597656
1341,2020-12-16,22805.162109
1342,2020-12-17,23137.960938
1343,2020-12-18,23869.832031
1344,2020-12-19,23477.294922
1345,2020-12-20,22803.082031
1346,2020-12-21,23783.029297
1347,2020-12-22,23241.345703
1348,2020-12-23,23735.949219
1349,2020-12-24,24664.791016000003
1350,2020-12-25,26437.037109
1351,2020-12-26,26272.294922
1352,2020-12-27,27084.808594
1353,2020-12-28,27362.4375
1354,2020-12-29,28840.953125
1355,2020-12-30,29001.720703
1356,2020-12-31,29374.152344
1357,2021-01-01,32127.267578
1358,2021-01-02,32782.023438
1359,2021-01-03,31971.914063
1360,2021-01-04,33992.429688
1361,2021-01-05,36824.363281
1362,2021-01-06,39371.042969
1363,2021-01-07,40797.609375
1364,2021-01-08,40254.546875
1365,2021-01-09,38356.441406
1366,2021-01-10,35566.65625
1367,2021-01-11,33922.960938
1368,2021-01-12,37316.359375
1369,2021-01-13,39187.328125
1370,2021-01-14,36825.367188
1371,2021-01-15,36178.140625
1372,2021-01-16,35791.277344
1373,2021-01-17,36630.074219
1374,2021-01-18,36069.804688
1375,2021-01-19,35547.75
1376,2021-01-20,30825.699219
1377,2021-01-21,33005.761719
1378,2021-01-22,32067.642578
1379,2021-01-23,32289.378906
1380,2021-01-24,32366.392578
1381,2021-01-25,32569.849609
1382,2021-01-26,30432.546874999996
1383,2021-01-27,33466.097656
1384,2021-01-28,34316.386719
1385,2021-01-29,34269.523438
1386,2021-01-30,33114.359375
1387,2021-01-31,33537.175781
1388,2021-02-01,35510.289063
1389,2021-02-02,37472.089844
1390,2021-02-03,36926.066406
1391,2021-02-04,38144.308594
1392,2021-02-05,39266.011719
1393,2021-02-06,38903.441406
1394,2021-02-07,46196.464844
1395,2021-02-08,46481.105469
1396,2021-02-09,44918.183594
1397,2021-02-10,47909.332031
1398,2021-02-11,47504.851563
1399,2021-02-12,47105.515625
1400,2021-02-13,48717.289063000004
1401,2021-02-14,47945.058594
1402,2021-02-15,49199.871094
1403,2021-02-16,52149.007813
1404,2021-02-17,51679.796875
1405,2021-02-18,55888.132813
1406,2021-02-19,56099.519531
1407,2021-02-20,57539.945313
1408,2021-02-21,54207.320313
1409,2021-02-22,48824.425781
1410,2021-02-23,49705.332031
1411,2021-02-24,47093.851563
1412,2021-02-25,46339.761719
1413,2021-02-26,46188.453125
1414,2021-02-27,45137.769531
1415,2021-02-28,49631.242188
1416,2021-03-01,48378.988281
1417,2021-03-02,50538.242188
1418,2021-03-03,48561.167969
1419,2021-03-04,48927.304688
1420,2021-03-05,48912.382813
1421,2021-03-06,51206.691406
1422,2021-03-07,52246.523438
1423,2021-03-08,54824.117188
1424,2021-03-09,56008.550781
1425,2021-03-10,57805.121094
1426,2021-03-11,57332.089844
1427,2021-03-12,61243.085938
1428,2021-03-13,59302.316406
1429,2021-03-14,55907.199219
1430,2021-03-15,56804.902344
1431,2021-03-16,58870.894531
1432,2021-03-17,57858.921875
1433,2021-03-18,58346.652344
1434,2021-03-19,58313.644531
1435,2021-03-20,57523.421875
1436,2021-03-21,54529.144531
1437,2021-03-22,54738.945313
1438,2021-03-23,52774.265625
1439,2021-03-24,51704.160156
1440,2021-03-25,55137.3125
1441,2021-03-26,55973.511719
1442,2021-03-27,55950.746094
1443,2021-03-28,57750.199219
1444,2021-03-29,58917.691406
1445,2021-03-30,58918.832031
1446,2021-03-31,59095.808594
1447,2021-04-01,59384.3125
1448,2021-04-02,57603.890625
1449,2021-04-03,58758.554688
1450,2021-04-04,59057.878906
1451,2021-04-05,58192.359375
1452,2021-04-06,56048.9375
1453,2021-04-07,58323.953125
1454,2021-04-08,58245.003906
1455,2021-04-09,59793.234375
1456,2021-04-10,60204.964844
1457,2021-04-11,59893.453125
1458,2021-04-12,63503.457031
1459,2021-04-13,63109.695313
1460,2021-04-14,63314.011719
1461,2021-04-15,61572.789063
1462,2021-04-16,60683.820313
1463,2021-04-17,56216.183594
1464,2021-04-18,55724.265625
1465,2021-04-19,56473.03125
1466,2021-04-20,53906.089844
1467,2021-04-21,51762.273438
1468,2021-04-22,51093.652344
1469,2021-04-23,50050.867188
1470,2021-04-24,49004.253906
1471,2021-04-25,54021.753906
1472,2021-04-26,55033.117188
1473,2021-04-27,54824.703125
1474,2021-04-28,53555.109375
1475,2021-04-29,57750.175781
1476,2021-04-30,57828.050781
1477,2021-05-01,56631.078125
1478,2021-05-02,57200.292969
1479,2021-05-03,53333.539063
1480,2021-05-04,57424.007813
1481,2021-05-05,56396.515625
1482,2021-05-06,57356.402344
1483,2021-05-07,58803.777344
1484,2021-05-08,58232.316406
1485,2021-05-09,55859.796875
1486,2021-05-10,56704.574219
1487,2021-05-11,49150.535156
1488,2021-05-12,49716.191406
1489,2021-05-13,49880.535156
1490,2021-05-14,46760.1875
1491,2021-05-15,46456.058594
1492,2021-05-16,43537.511719
1493,2021-05-17,42909.402344
1494,2021-05-18,37002.441406
1495,2021-05-19,40782.738281
1496,2021-05-20,37304.691406
1497,2021-05-21,37536.632813
1498,2021-05-22,34770.582031
1499,2021-05-23,38705.980469
1500,2021-05-24,38402.222656
1501,2021-05-25,39294.199219
1502,2021-05-26,38436.96875
1503,2021-05-27,35697.605469
1504,2021-05-28,34616.066406
1505,2021-05-29,35678.128906
1506,2021-05-30,37332.855469
1507,2021-05-31,36684.925781
1508,2021-06-01,37575.179688
1509,2021-06-02,39208.765625
1510,2021-06-03,36894.40625
1511,2021-06-04,35551.957031
1512,2021-06-05,35862.378906
1513,2021-06-06,33560.707031
1514,2021-06-07,33472.632813
1515,2021-06-08,37345.121094
1516,2021-06-09,36702.597656
1517,2021-06-10,37334.398438
1518,2021-06-11,35552.515625
1519,2021-06-12,39097.859375
1520,2021-06-13,40218.476563
1521,2021-06-14,40406.269531
1522,2021-06-15,38347.0625
1523,2021-06-16,38053.503906
1524,2021-06-17,35787.246094
1525,2021-06-18,35615.871094
1526,2021-06-19,35698.296875
1527,2021-06-20,31676.693359
1528,2021-06-21,32505.660156
1529,2021-06-22,33723.027344
1530,2021-06-23,34662.4375
1531,2021-06-24,31637.779297
1532,2021-06-25,32186.277344
1533,2021-06-26,34649.644531
1534,2021-06-27,34434.335938
1535,2021-06-28,35867.777344
1536,2021-06-29,35040.835938
1537,2021-06-30,33572.117188
1538,2021-07-01,33897.046875
1539,2021-07-02,34668.546875
1540,2021-07-03,35287.78125
1541,2021-07-04,33746.003906
1542,2021-07-05,34235.195313
1543,2021-07-06,33855.328125
1544,2021-07-07,32877.371094
1545,2021-07-08,33798.011719
1546,2021-07-09,33520.519531
1547,2021-07-10,34240.1875
1548,2021-07-11,33155.847656
1549,2021-07-12,32702.025391
1550,2021-07-13,32822.347656
1551,2021-07-14,31780.730469
1552,2021-07-15,31421.539063
1553,2021-07-16,31533.068359
1554,2021-07-17,31796.810547
1555,2021-07-18,30817.832031
1556,2021-07-19,29807.347656
1557,2021-07-20,32110.693359
1558,2021-07-21,32313.105469
1559,2021-07-22,33581.550781
1560,2021-07-23,34292.445313
1561,2021-07-24,35350.1875
1562,2021-07-25,37337.535156
1563,2021-07-26,39406.941406
1564,2021-07-27,39995.90625
1565,2021-07-28,40008.421875
1566,2021-07-29,42235.546875
1567,2021-07-30,41626.195313
1568,2021-07-31,39974.894531
1569,2021-08-01,39201.945313
1570,2021-08-02,38152.980469
1571,2021-08-03,39747.503906
1572,2021-08-04,40869.554688
1573,2021-08-05,42816.5
1574,2021-08-06,44555.800781
1575,2021-08-07,43798.117188
1576,2021-08-08,46365.402344
1577,2021-08-09,45585.03125
1578,2021-08-10,45593.636719
1579,2021-08-11,44428.289063
1580,2021-08-12,47793.320313
1581,2021-08-13,47096.945313
1582,2021-08-14,47047.003906
1583,2021-08-15,46004.484375
1584,2021-08-16,44695.359375
1585,2021-08-17,44801.1875
1586,2021-08-18,46717.578125
1587,2021-08-19,49339.175781
1588,2021-08-20,48905.492188
1589,2021-08-21,49321.652344
1590,2021-08-22,49546.148438
1591,2021-08-23,47706.117188
1592,2021-08-24,48960.789063
1593,2021-08-25,46942.21875
1594,2021-08-26,49058.667969
1595,2021-08-27,48902.402344
1596,2021-08-28,48829.832031
1597,2021-08-29,47054.984375
1598,2021-08-30,47166.6875
1599,2021-08-31,48847.027344
1600,2021-09-01,49327.722656
1601,2021-09-02,50025.375
1602,2021-09-03,49944.625
1603,2021-09-04,51753.410156
1604,2021-09-05,52633.535156
1605,2021-09-06,46811.128906
1606,2021-09-07,46091.390625
1607,2021-09-08,46391.421875
1608,2021-09-09,44883.910156
1609,2021-09-10,45201.457031
1610,2021-09-11,46063.269531
1611,2021-09-12,44963.074219
1612,2021-09-13,47092.492188
1613,2021-09-14,48176.347656
1614,2021-09-15,47783.359375
1615,2021-09-16,47267.519531
1616,2021-09-17,48278.363281
1617,2021-09-18,47260.21875
1618,2021-09-19,42843.800781
1619,2021-09-20,40693.675781
1620,2021-09-21,43574.507813
1621,2021-09-22,44895.097656
1622,2021-09-23,42839.75
1623,2021-09-24,42716.59375
1624,2021-09-25,43208.539063
1625,2021-09-26,42235.730469
1626,2021-09-27,41034.542969
1627,2021-09-28,41564.363281
1628,2021-09-29,43790.894531
1629,2021-09-30,48116.941406
1630,2021-10-01,47711.488281
1631,2021-10-02,48199.953125
1632,2021-10-03,49112.902344
1633,2021-10-04,51514.8125
1634,2021-10-05,55361.449219
1635,2021-10-06,53805.984375
1636,2021-10-07,53967.847656
1637,2021-10-08,54968.222656
1638,2021-10-09,54771.578125
1639,2021-10-10,57484.789063
1640,2021-10-11,56041.058594
1641,2021-10-12,57401.097656
1642,2021-10-13,57321.523438
1643,2021-10-14,61593.949219
1644,2021-10-15,60892.179688
1645,2021-10-16,61553.617188
1646,2021-10-17,62026.078125
1647,2021-10-18,64261.992188
1648,2021-10-19,65992.835938
1649,2021-10-20,62210.171875
1650,2021-10-21,60692.265625
1651,2021-10-22,61393.617188
1652,2021-10-23,60930.835938
1653,2021-10-24,63039.82421900001
1654,2021-10-25,60363.792969
1655,2021-10-26,58482.386719
1656,2021-10-27,60622.136719
1657,2021-10-28,62227.964844
1658,2021-10-29,61888.832031
1659,2021-10-30,61318.957031
1660,2021-10-31,61004.40625
1661,2021-11-01,63226.402344
1662,2021-11-02,62970.046875
1663,2021-11-03,61452.230468999995
1664,2021-11-04,61125.675781
1665,2021-11-05,61527.480469
1666,2021-11-06,63326.988281
1667,2021-11-07,67566.828125
1668,2021-11-08,66971.828125
1669,2021-11-09,64995.230469
1670,2021-11-10,64949.960938
1671,2021-11-11,64155.941406
1672,2021-11-12,64469.527344
1673,2021-11-13,65466.839844
1674,2021-11-14,63557.871094
1675,2021-11-15,60161.246094
1676,2021-11-16,60368.011719
1677,2021-11-17,56942.136719
1678,2021-11-18,58119.578125
1679,2021-11-19,59697.195313
1680,2021-11-20,58730.476563
1681,2021-11-21,56289.289063
1682,2021-11-22,57569.074219
1683,2021-11-23,56280.425781
1684,2021-11-24,57274.679688
1685,2021-11-25,53569.765625
1686,2021-11-26,54815.078125
1687,2021-11-27,57248.457031
1688,2021-11-28,57806.566406
1689,2021-11-29,57005.425781
1690,2021-11-30,57229.828125
1691,2021-12-01,56477.816406
1692,2021-12-02,53598.246094
1693,2021-12-03,49200.703125
1694,2021-12-04,49368.847656
1695,2021-12-05,50582.625
1696,2021-12-06,50700.085938
1697,2021-12-07,50504.796875
1698,2021-12-08,47672.121094
1699,2021-12-09,47243.304688
1700,2021-12-10,49362.507813
1701,2021-12-11,50098.335938
1702,2021-12-12,46737.480469
1703,2021-12-13,46612.632813
1704,2021-12-14,48896.722656
1705,2021-12-15,47665.425781
1706,2021-12-16,46202.144531
1707,2021-12-17,46848.777344
1708,2021-12-18,46707.015625
1709,2021-12-19,46880.277344
1710,2021-12-20,48936.613281
1711,2021-12-21,48628.511719
1712,2021-12-22,50784.539063
1713,2021-12-23,50822.195313
1714,2021-12-24,50429.859375
1715,2021-12-25,50809.515625
1716,2021-12-26,50640.417969
1717,2021-12-27,47588.855469
1718,2021-12-28,46444.710938
1719,2021-12-29,47178.125
1720,2021-12-30,46306.445313
1721,2021-12-31,47686.8125
1722,2022-01-01,47345.21875
1723,2022-01-02,46458.117188
1724,2022-01-03,45897.574219
1725,2022-01-04,43569.003906
1726,2022-01-05,43160.929688
1727,2022-01-06,41557.902344
1728,2022-01-07,41733.941406
1729,2022-01-08,41911.601563
1730,2022-01-09,41821.261719
1731,2022-01-10,42735.855469
1732,2022-01-11,43949.101563
1733,2022-01-12,42591.570313
1734,2022-01-13,43099.699219
1735,2022-01-14,43177.398438
1736,2022-01-15,43113.878906
1737,2022-01-16,42250.550781
1738,2022-01-17,42375.632813
1739,2022-01-18,41744.328125
1740,2022-01-19,40680.417969
1741,2022-01-20,36457.316406
1742,2022-01-21,35030.25
1743,2022-01-22,36276.804688
1744,2022-01-23,36654.328125
1745,2022-01-24,36954.003906
1746,2022-01-25,36852.121094
1747,2022-01-26,37138.234375
1748,2022-01-27,37784.332031
1749,2022-01-28,38138.179688
1750,2022-01-29,37917.601563
1751,2022-01-30,38483.125
1752,2022-01-31,38743.273438
1753,2022-02-01,36952.984375
1754,2022-02-02,37154.601563
1755,2022-02-03,41500.875
1756,2022-02-04,41441.164063
1757,2022-02-05,42412.433594
1758,2022-02-06,43840.285156
1759,2022-02-07,44118.445313
1760,2022-02-08,44338.796875
1761,2022-02-09,43565.113281
1762,2022-02-10,42407.93749999999
1763,2022-02-11,42244.46875
1764,2022-02-12,42197.515625
1765,2022-02-13,42586.917969
1766,2022-02-14,44575.203125
1767,2022-02-15,43961.859375
1768,2022-02-16,40538.011719
1769,2022-02-17,40030.976563
1770,2022-02-18,40122.15625
1771,2022-02-19,38431.378906
1772,2022-02-20,37075.28125
1773,2022-02-21,38286.027344
1774,2022-02-22,37296.570313
1775,2022-02-23,38332.609375
1776,2022-02-24,39214.21875
1777,2022-02-25,39105.148438
1778,2022-02-26,37709.785156
1779,2022-02-27,43193.234375
1780,2022-02-28,44354.636719
1781,2022-03-01,43924.117188
1782,2022-03-02,42451.789063
1783,2022-03-03,39137.605469
1784,2022-03-04,39400.585938
1785,2022-03-05,38419.984375
1786,2022-03-06,38062.039063
1787,2022-03-07,38737.269531
1788,2022-03-08,41982.925781
1789,2022-03-09,39437.460938
1790,2022-03-10,38794.972656
1791,2022-03-11,38904.011719
1792,2022-03-12,37849.664063
1793,2022-03-13,39666.753906
1794,2022-03-14,39338.785156
1795,2022-03-15,41143.929688
1796,2022-03-16,40951.378906
1797,2022-03-17,41801.15625
1798,2022-03-18,42190.652344
1799,2022-03-19,41247.824219
1800,2022-03-20,41077.996094
1801,2022-03-21,42358.808594
1802,2022-03-22,42892.957031
1803,2022-03-23,43960.933594
1804,2022-03-24,44348.730469
1805,2022-03-25,44500.828125
1806,2022-03-26,46820.492188
1807,2022-03-27,47128.003906
1808,2022-03-28,47465.730469
1809,2022-03-29,47062.664063
1810,2022-03-30,45538.675781
1811,2022-03-31,46281.644531
1812,2022-04-01,45868.949219
1813,2022-04-02,46453.566406
1814,2022-04-03,46622.675781
1815,2022-04-04,45555.992188
1816,2022-04-05,43206.738281
1817,2022-04-06,43503.847656
1818,2022-04-07,42287.664063
1819,2022-04-08,42782.136719
1820,2022-04-09,42207.671875
1821,2022-04-10,39521.902344
1822,2022-04-11,40127.183594
1823,2022-04-12,41166.730469
1824,2022-04-13,39935.515625
1825,2022-04-14,40553.464844
1826,2022-04-15,40424.484375
1827,2022-04-16,39716.953125
1828,2022-04-17,40826.214844
1829,2022-04-18,41502.75
1830,2022-04-19,41374.378906
1831,2022-04-20,40527.363281
1832,2022-04-21,39740.320313
1833,2022-04-22,39486.730469
1834,2022-04-23,39469.292969
1835,2022-04-24,40458.308594
1836,2022-04-25,38117.460938
1837,2022-04-26,39241.121094
1838,2022-04-27,39773.828125
1839,2022-04-28,38609.824219
1840,2022-04-29,37714.875
1841,2022-04-30,38469.09375
1842,2022-05-01,38529.328125
1843,2022-05-02,37750.453125
1844,2022-05-03,39698.371094
1845,2022-05-04,36575.140625
1846,2022-05-05,36040.921875
1847,2022-05-06,35501.953125
1848,2022-05-07,34059.265625
1849,2022-05-08,30296.953125
1850,2022-05-09,31022.90625
1851,2022-05-10,28936.355469
1852,2022-05-11,29047.751953
1853,2022-05-12,29283.103516
1854,2022-05-13,30101.265625
1855,2022-05-14,31305.113281
1856,2022-05-15,29862.917969
1857,2022-05-16,30425.857422
1858,2022-05-17,28720.271484
1859,2022-05-18,30314.333984
1860,2022-05-19,29200.740234
1861,2022-05-20,29432.226563
1862,2022-05-21,30323.722656
1863,2022-05-22,29098.910156
1864,2022-05-23,29655.585938
1865,2022-05-24,29562.361328
1866,2022-05-25,29267.224609
1867,2022-05-26,28627.574219
1868,2022-05-27,28814.900391
1869,2022-05-28,29445.957031
1870,2022-05-29,31726.390625
1871,2022-05-30,31792.310547
1872,2022-05-31,29799.080078
1873,2022-06-01,30467.488281
1874,2022-06-02,29704.390625
1875,2022-06-03,29832.914063
1876,2022-06-04,29906.662109
1877,2022-06-05,31370.671875
1878,2022-06-06,31155.478516
1879,2022-06-07,30214.355469
1880,2022-06-08,30111.998047
1881,2022-06-09,29083.804688
1882,2022-06-10,28360.810547
1883,2022-06-11,26762.648438
1884,2022-06-12,22487.388672
1885,2022-06-13,22206.792969
1886,2022-06-14,20693.550781
1887,2022-06-15,24205.970337082003
1888,2022-06-16,22897.460521004723
1889,2022-06-17,21983.418735178453
1890,2022-06-18,21372.74389098703
1891,2022-06-19,20957.79552566491
1892,2022-06-20,20657.653366310384
1893,2022-06-21,20423.154321103793
1894,2022-06-22,20228.577289169993
1895,2022-06-23,20061.848131701117
1896,2022-06-24,19917.45899969814
1897,2022-06-25,19792.37107992022
1898,2022-06-26,19684.121271791275
1899,2022-06-27,19590.30780495038
1900,2022-06-28,19508.51110349027
1901,2022-06-29,19436.467884632613
1902,2022-06-30,19372.128532155068
1903,2022-07-01,19313.789648791768
1904,2022-07-02,19260.048553170473
1905,2022-07-03,19209.803279812575
1906,2022-07-04,19162.20707607023
1907,2022-07-05,19116.626855851595
1908,2022-07-06,19072.60758852816
1909,2022-07-07,19029.832731054004
1910,2022-07-08,18988.078724902945
1911,2022-07-09,18947.216974462575
1912,2022-07-10,18907.178235941603
1913,2022-07-11,18867.934811823507
1914,2022-07-12,18829.49065889636
1915,2022-07-13,18791.8635827065
1916,2022-07-14,18755.099086316775
